{
    "mbert_cp_LossType.COS_PoolingMode.MEAN": {
        "sts-test_pearson_cosine": 0.5586841180112133,
        "sts-test_spearman_cosine": 0.5620250104006166,
        "sts-test_pearson_manhattan": 0.55045743929307,
        "sts-test_spearman_manhattan": 0.5465182801769363,
        "sts-test_pearson_euclidean": 0.5506747088670724,
        "sts-test_spearman_euclidean": 0.5468617364531694,
        "sts-test_pearson_dot": 0.4754787294765032,
        "sts-test_spearman_dot": 0.5073329042614734,
        "sts-test_pearson_max": 0.5586841180112133,
        "sts-test_spearman_max": 0.5620250104006166
    },
    "mbert_cp_LossType.COS_PoolingMode.MAX": {
        "sts-test_pearson_cosine": 0.3630234295027851,
        "sts-test_spearman_cosine": 0.37703774534137513,
        "sts-test_pearson_manhattan": 0.3955794556670275,
        "sts-test_spearman_manhattan": 0.3850174235010879,
        "sts-test_pearson_euclidean": 0.39575546736877953,
        "sts-test_spearman_euclidean": 0.3850636135070503,
        "sts-test_pearson_dot": 0.3377224695836909,
        "sts-test_spearman_dot": 0.33564052471203487,
        "sts-test_pearson_max": 0.39575546736877953,
        "sts-test_spearman_max": 0.3850636135070503
    },
    "mbert_cp_LossType.COS_PoolingMode.CLS": {
        "sts-test_pearson_cosine": 0.5212650918433617,
        "sts-test_spearman_cosine": 0.5445881598936841,
        "sts-test_pearson_manhattan": 0.5307154833891179,
        "sts-test_spearman_manhattan": 0.5358588230129351,
        "sts-test_pearson_euclidean": 0.530714899597016,
        "sts-test_spearman_euclidean": 0.535348543022448,
        "sts-test_pearson_dot": 0.46977215033602077,
        "sts-test_spearman_dot": 0.5056554018695447,
        "sts-test_pearson_max": 0.5307154833891179,
        "sts-test_spearman_max": 0.5445881598936841
    }
}